Rank,Node1,Node2,Probability
1,306,1623,1.0
2,1317,1358,0.9999999
3,1358,2451,0.9999999
4,565,1358,0.9999999
5,1358,2221,0.9999994
6,1358,2083,0.99999917
7,867,1358,0.99999905
8,403,1358,0.99999905
9,650,1358,0.99999905
10,1358,2476,0.9999989
11,1262,1358,0.9999987
12,598,1701,0.9999987
13,1358,2446,0.9999987
14,1214,1358,0.9999987
15,1250,1358,0.9999987
16,998,1358,0.99999845
17,1358,1610,0.99999845
18,1701,1986,0.9999981
19,1148,1358,0.999998
20,1067,1358,0.9999975
